"last_name, first_name","player_id","year","hit","strikeout","walk","p_earned_run","p_save","p_blown_save","p_out","p_win","p_balk","p_quality_start","p_hit_by_pitch","p_hold","p_total_pickoff"
"Crawford, Brandon",543063,2024,3,0,2,"4","0","0","4","0","0","0","1","0","0"
"O'Loughlin, Jack",672552,2024,13,6,5,"5","0","0","29","0","0","0","0","0","0"
"Duran, Jhoan",661395,2024,48,66,15,"22","23","2","163","6","1","0","6","7","0"
"Nelson, Ryne",669194,2024,155,126,34,"71","1","0","452","10","0","12","5","0","0"
"Myers, Tobias",668964,2024,126,127,36,"46","0","0","414","9","5","7","5","0","2"
"Gray, Sonny",543243,2024,142,203,39,"71","0","0","499","13","1","13","3","0","1"
"Smyly, Drew",592767,2024,57,56,25,"25","0","3","176","4","0","0","3","10","2"
"Heller, Ben",621294,2024,19,15,6,"15","0","0","36","0","0","0","6","0","0"
"Lively, Ben",594902,2024,139,118,49,"64","0","0","453","13","1","9","5","0","3"
"Bruihl, Justin",677865,2024,9,5,1,"6","0","1","17","0","0","0","1","0","0"
"Ryan, Joe",657746,2024,110,147,23,"54","0","0","405","7","1","13","5","0","0"
"Stratton, Hunter",676702,2024,37,33,7,"15","1","2","113","2","0","0","3","5","0"
"Bassitt, Chris",605135,2024,180,168,70,"79","0","0","513","10","2","12","16","0","1"
"Soto, Gregory",642397,2024,56,65,27,"26","2","2","159","3","1","0","8","11","0"
"Herget, Kevin",643361,2024,6,9,3,"2","1","0","34","0","0","0","0","1","0"
"Veneziano, Anthony",685107,2024,16,14,3,"5","0","0","40","1","0","0","1","1","0"
"Wicks, Jordan",696136,2024,55,42,20,"28","0","0","138","2","0","1","2","0","1"
"Gallegos, Giovanny",606149,2024,24,21,10,"15","1","0","62","2","0","0","0","2","0"
"Spiers, Carson",686730,2024,112,80,27,"55","0","0","272","5","0","2","5","1","0"
"Junis, Jakob",596001,2024,49,51,8,"20","1","1","201","4","0","1","3","0","0"
"Moore, Matt",519043,2024,39,41,26,"27","1","1","145","5","0","0","2","10","1"
"Fedde, Erick",607200,2024,154,154,52,"65","0","0","532","9","1","13","5","0","1"
"Soriano, George",666277,2024,27,29,13,"22","1","3","88","1","0","0","4","2","1"
"Adams, Austin",613534,2024,38,53,23,"18","0","4","124","1","0","0","13","22","0"
"Walker, Josh",677020,2024,13,11,7,"7","0","0","37","0","1","0","0","0","0"
"Sandlin, Nick",680704,2024,46,68,27,"24","1","3","173","8","0","0","6","9","1"
"Hall, DL",669084,2024,48,44,21,"24","0","0","129","1","0","1","4","1","1"
"Bloss Jr., Jake",814005,2024,16,11,3,"9","0","0","35","0","0","0","0","0","0"
"Gordon, Tanner",685299,2024,53,26,6,"33","0","0","103","0","0","1","2","0","0"
"Hicks, Jordan",663855,2024,112,96,47,"50","1","0","329","4","2","3","9","2","0"
"Martinez, Seth",661527,2024,49,36,18,"21","1","0","158","3","2","0","4","3","0"
"Kerkering, Orion",689147,2024,51,74,17,"16","0","2","189","5","0","0","8","14","0"
"Harvey, Hunter",640451,2024,51,55,16,"25","1","3","152","2","0","0","5","28","0"
"Buttó, José",676130,2024,41,79,38,"21","3","3","222","7","1","3","5","4","0"
"Sánchez, Cristopher",650911,2024,182,153,44,"67","0","0","545","11","1","17","0","0","1"
"Cronin, Declan",686539,2024,75,72,26,"34","0","1","211","3","0","0","5","8","0"
"Kilian, Caleb",668873,2024,11,7,6,"5","0","0","32","0","0","0","0","0","0"
"Herrin, Tim",682120,2024,39,68,25,"14","0","2","197","5","1","0","5","16","2"
"Nance, Tommy",667297,2024,18,19,9,"10","0","1","66","0","0","0","1","0","0"
"Bowman, Matt",621199,2024,26,24,13,"15","0","0","92","1","0","0","2","3","0"
"Hernández, Elieser",622694,2024,14,8,5,"11","0","0","47","0","0","1","0","0","0"
"Orze, Eric",679358,2024,3,1,2,"4","0","0","5","0","0","0","1","0","0"
"Alzolay, Adbert",640470,2024,19,13,6,"9","4","5","52","1","0","0","1","1","2"
"Almonte, Yency",622075,2024,9,20,8,"6","1","1","47","1","0","0","2","6","0"
"Cousins, Jake",664776,2024,20,53,20,"10","1","0","114","2","0","0","5","8","2"
"Woo, Bryan",693433,2024,96,101,13,"39","0","0","364","9","0","10","3","0","0"
"Winans, Allan",642216,2024,14,4,4,"13","0","0","23","0","0","0","0","0","0"
"Fulmer, Carson",608334,2024,81,81,40,"40","0","1","260","0","2","2","5","0","2"
"Ginn, J.T.",669372,2024,36,29,9,"16","0","0","102","1","0","1","2","0","0"
"Barnes, Matt",598264,2024,16,10,4,"10","0","0","40","0","1","0","0","0","0"
"Assad, Javier",665871,2024,143,124,63,"61","0","0","441","7","0","6","5","0","1"
"Holmes, Grant",656550,2024,66,70,15,"27","0","1","205","2","0","1","2","1","0"
"Peralta, Luis",678821,2024,7,14,5,"1","0","0","37","0","0","0","2","2","0"
"Parker, Mitchell",680730,2024,154,133,43,"72","0","0","453","7","0","11","2","0","0"
"Hudson, Bryan",663542,2024,28,62,17,"12","0","3","187","6","1","0","3","14","1"
"Domínguez, Seranthony",622554,2024,52,68,21,"29","11","2","176","3","1","0","2","6","0"
"Anderson, Tyler",542881,2024,158,142,73,"76","0","0","538","10","1","12","7","0","0"
"Young, Alex",622065,2024,15,15,7,"5","0","0","47","0","0","0","0","1","0"
"Diekman, Jake",518617,2024,23,40,24,"20","4","3","96","2","0","0","4","8","2"
"Guenther, Sean",674944,2024,9,12,2,"2","0","1","63","3","0","0","2","2","0"
"Burdi, Nick",595897,2024,5,12,9,"2","0","0","29","1","0","0","2","3","0"
"Gómez, Yoendrys",672782,2024,11,10,7,"5","0","0","34","0","0","0","1","0","0"
"Matsui, Yuki",673513,2024,46,69,27,"26","0","4","188","4","0","0","0","9","0"
"Lucas, Easton",687922,2024,17,10,9,"14","0","0","35","1","0","0","1","1","0"
"Winder, Josh",680739,2024,7,10,1,"3","0","0","27","0","0","0","2","0","0"
"Jarvis, Bryce",686826,2024,52,38,33,"21","0","0","178","1","0","0","5","4","0"
"Suter, Brent",608718,2024,63,50,12,"23","2","0","197","1","0","0","3","2","3"
"Alexander Jr., Scott",518397,2024,31,31,15,"11","0","3","116","1","0","0","2","10","0"
"Brown, Ben",676962,2024,41,64,19,"22","0","0","166","1","0","2","1","1","1"
"Rogers, Josh",642028,2024,15,3,3,"8","0","0","33","2","0","0","2","0","0"
"Musgrove, Joe",605397,2024,94,101,23,"43","0","0","299","6","0","10","10","0","2"
"Zulueta, Yosver",691172,2024,15,20,7,"9","0","0","49","0","0","0","1","0","0"
"Teheran, Julio",527054,2024,6,3,2,"4","0","0","8","0","0","0","0","0","0"
"Strzelecki, Peter",657265,2024,11,9,3,"3","0","0","35","0","0","0","1","1","0"
"Soroka, Michael",647336,2024,66,84,44,"42","0","1","239","0","2","1","3","2","1"
"Rodríguez, Randy",678495,2024,47,53,18,"25","0","2","157","3","0","0","3","5","1"
"Sulser, Cole",642121,2024,9,15,9,"5","0","0","49","1","0","0","0","1","1"
"Smith, Drew",622098,2024,18,23,9,"6","2","0","53","1","0","0","0","6","0"
"Brown, Hunter",686613,2024,156,179,60,"66","0","0","510","11","1","19","5","0","0"
"Sale, Chris",519242,2024,141,225,39,"47","0","0","533","18","1","18","8","0","2"
"Gil, Luis",661563,2024,104,171,77,"59","0","0","455","15","2","10","8","0","1"
"Pagán, Emilio",641941,2024,40,44,11,"19","1","1","114","4","1","0","0","7","0"
"Díaz, Jhonathan",646242,2024,14,8,3,"5","0","0","29","0","0","0","0","0","0"
"Imanaga, Shota",684007,2024,149,174,28,"56","0","0","520","15","0","19","3","0","3"
"Bellozo, Valente",678368,2024,69,44,21,"28","0","0","206","3","0","2","2","0","1"
"Clevinger, Mike",605182,2024,22,15,9,"12","0","0","48","0","0","0","0","0","1"
"Civale, Aaron",650644,2024,158,149,52,"78","0","0","483","8","0","8","6","0","1"
"Suárez, Ranger",624133,2024,140,145,41,"58","0","0","452","12","2","11","5","0","2"
"Severino, Luis",622663,2024,166,161,60,"79","0","0","546","11","2","14","11","0","2"
"Kitchen, Austin",685116,2024,16,4,3,"11","0","0","21","0","1","0","0","0","0"
"Gore, MacKenzie",669022,2024,171,181,65,"72","0","0","499","10","0","11","11","0","0"
"Miller, Erik",669062,2024,50,87,38,"29","0","3","202","4","0","0","1","14","2"
"Holman, Grant",680880,2024,17,16,9,"7","0","1","47","1","0","0","1","5","0"
"Harrison, Kyle",690986,2024,125,118,42,"63","0","0","373","7","1","9","7","0","2"
"Fernandez, Ryan",681676,2024,58,71,32,"26","2","3","200","1","0","0","2","12","0"
"Hurter, Brant",676428,2024,34,38,6,"13","0","0","136","6","1","0","0","1","0"
"Leiter Jr., Mark",643410,2024,55,86,22,"29","0","3","174","4","0","0","3","15","0"
"Pop, Zach",647315,2024,45,33,19,"30","1","3","145","2","1","0","2","12","0"
"Rainey, Tanner",663432,2024,47,44,29,"27","0","0","153","0","0","0","4","0","0"
"Feigl, Brady",621399,2024,7,0,0,"6","0","0","5","0","0","0","0","0","0"
"Wentz, Joey",666214,2024,66,73,33,"35","1","0","202","1","2","0","4","2","2"
"Maton III, Phil",664208,2024,47,60,24,"26","3","2","192","3","0","0","9","18","0"
"Garcia, Robert",676395,2024,55,75,16,"28","0","4","179","3","0","0","1","13","0"
"Cobb, Alex",502171,2024,14,10,3,"5","0","0","49","2","0","1","0","0","0"
"Sammons, Bryan",676614,2024,16,18,9,"11","0","0","82","1","0","0","1","0","0"
"Graterol, Brusdar",660813,2024,3,7,1,"2","0","0","22","0","0","0","0","0","0"
"Suarez, José",660761,2024,57,56,27,"35","1","0","157","1","0","0","4","0","2"
"Kopech, Michael",656629,2024,44,88,34,"26","15","5","203","6","2","0","5","9","1"
"Mederos, Victor",682989,2024,7,5,6,"7","0","1","16","0","0","0","0","0","0"
"Davis, Noah",663562,2024,31,15,7,"13","0","0","61","0","0","0","0","1","0"
"Selby, Colin",681882,2024,3,5,4,"2","0","0","21","0","0","0","1","0","0"
"Iglesias, Raisel",628452,2024,38,68,13,"15","34","4","208","6","0","0","3","0","0"
"Ottavino, Adam",493603,2024,49,70,23,"27","1","2","168","2","0","0","7","15","0"
"Sears, JP",676664,2024,172,137,49,"88","0","0","542","11","1","13","14","0","1"
"Little, Luke",681432,2024,15,28,18,"10","0","0","78","3","0","0","4","3","0"
"Hartlieb, Geoff",664129,2024,13,7,4,"9","0","0","27","0","1","0","0","1","0"
"Zeferjahn, Ryan",666171,2024,7,18,6,"4","0","0","51","0","0","0","2","0","0"
"Hartwig, Grant",701643,2024,6,4,4,"5","0","0","20","0","0","0","2","0","0"
"Whitley, Forrest",666215,2024,5,5,3,"0","0","0","10","0","0","0","1","0","0"
"Campbell, Isaiah",663462,2024,14,6,2,"12","0","1","20","0","0","0","0","2","0"
"Tonkin, Michael",543859,2024,70,85,30,"32","2","2","238","4","1","0","8","1","0"
"Iriarte, Jairo",683568,2024,3,6,8,"1","0","0","18","0","0","0","0","0","0"
"Thompson, Ryan",657044,2024,64,52,15,"24","2","7","199","7","0","0","1","24","0"
"Strahm, Matt",621381,2024,36,79,11,"13","3","6","188","6","0","0","6","18","1"
"Villalobos, Eli",681871,2024,3,3,2,"1","0","0","13","0","0","0","0","0","0"
"Soriano, José",667755,2024,91,97,45,"43","0","0","339","6","0","9","9","1","0"
"Sandoval, Patrick",663776,2024,85,81,35,"45","0","0","239","2","2","4","3","0","1"
"Leasure, Jordan",673929,2024,32,26,18,"22","2","4","94","0","0","0","1","9","1"
"Cleavinger, Garrett",664076,2024,52,71,31,"25","6","2","180","7","0","0","7","15","0"
"Pfaadt, Brandon",694297,2024,183,185,42,"95","0","0","545","11","0","13","4","0","0"
"Hader, Josh",623352,2024,43,105,25,"30","34","4","213","8","2","0","1","0","1"
"Jacques, Joe",682175,2024,6,2,1,"3","0","0","9","0","0","0","1","0","0"
"Cannon, Jonathan",686563,2024,125,91,40,"62","1","0","373","5","1","7","4","0","1"
"McDonald, Trevor",686790,2024,0,1,1,"0","0","0","9","0","0","0","0","0","0"
"Dobnak, Randy",677976,2024,11,7,5,"6","0","0","29","0","0","0","0","0","0"
"Hurt, Kyle",669165,2024,8,3,1,"1","0","0","20","0","0","0","0","0","0"
"McDermott, Chayce",694646,2024,5,3,2,"3","0","0","12","0","0","0","0","0","0"
"Estes, Joey",683155,2024,130,92,27,"71","0","0","383","7","0","8","10","1","0"
"Robertson, Nick",687798,2024,15,14,2,"6","0","0","40","0","0","0","0","0","0"
"Lazar, Max",676661,2024,13,9,2,"7","0","0","41","0","0","0","0","0","0"
"Pepiot, Ryan",686752,2024,102,142,48,"52","0","0","390","8","0","9","7","0","0"
"Joyce, Ben",690829,2024,26,33,14,"8","4","0","104","2","0","0","4","8","0"
"Rodón, Carlos",607074,2024,157,195,57,"77","0","0","525","16","2","16","10","0","1"
"Johnson, Pierce",572955,2024,48,67,25,"23","2","4","169","6","0","0","2","12","1"
"Hudson, Dakota",641712,2024,99,49,50,"61","0","0","267","2","0","4","5","0","1"
"Miller, Tyson",668338,2024,39,54,11,"16","1","1","186","5","0","0","5","15","1"
"Leone, Dominic",608678,2024,20,17,14,"14","0","4","57","0","0","0","0","4","1"
"McGough, Scott",543518,2024,34,25,21,"27","0","2","98","1","1","0","1","1","0"
"McMillon, John",669111,2024,7,13,5,"2","0","0","36","2","0","0","0","2","0"
"Leiter, Jack",683004,2024,44,31,17,"35","0","0","107","0","0","0","3","0","0"
"Vanasco, Ricky",676568,2024,3,1,0,"3","0","0","12","1","0","0","0","1","0"
"Cruz, Steven",674444,2024,1,4,0,"0","0","0","17","0","0","0","0","0","0"
"Clase, Emmanuel",661403,2024,39,66,10,"5","47","3","223","4","0","0","2","0","0"
"Megill, Tylor",656731,2024,70,91,32,"35","0","0","234","4","0","3","4","0","2"
"Hoeing, Bryan",663773,2024,43,43,14,"13","0","0","161","2","0","0","0","4","1"
"Brogdon, Connor",641401,2024,5,3,6,"8","0","0","9","0","0","0","0","0","0"
"Hudson, Daniel",543339,2024,46,63,19,"21","10","7","189","6","0","0","1","17","0"
"Manning, Matt",666159,2024,31,23,12,"15","0","0","83","0","0","0","0","0","0"
"Neely, Jack",680891,2024,8,7,2,"6","0","0","18","0","0","0","0","0","0"
"Peralta, Sammy",671111,2024,21,11,7,"8","0","0","45","0","1","0","0","1","0"
"Wrobleski, Justin",680736,2024,34,26,16,"23","1","0","109","1","0","0","1","0","0"
"Logue, Zach",656657,2024,6,4,0,"4","0","0","6","0","0","0","0","0","0"
"Plesac, Zach",668676,2024,12,5,7,"11","0","0","36","1","0","1","0","0","1"
"Reid-Foley, Sean",656887,2024,13,25,14,"4","0","1","65","1","0","0","0","4","0"
"Rodríguez, Yerry",666720,2024,26,17,13,"21","0","0","65","1","0","0","2","0","0"
"Merryweather, Julian",657240,2024,18,14,9,"11","0","1","45","1","0","0","3","2","0"
"Rutledge, Jackson",671131,2024,8,9,2,"3","0","0","25","0","0","0","1","0","0"
"Ginkel, Kevin",656464,2024,69,77,15,"25","5","6","210","8","0","0","3","18","0"
"Walters, Andrew",689958,2024,1,6,5,"0","0","0","26","1","0","0","0","0","0"
"Singer, Brady",663903,2024,175,170,54,"74","0","0","539","9","0","13","10","0","0"
"Tyler, Kyle",667725,2024,37,25,18,"19","0","0","95","0","0","0","1","0","0"
"Lugo, Seth",607625,2024,177,181,48,"69","0","0","620","16","0","22","9","0","0"
"Bibee, Tanner",676440,2024,150,187,44,"67","0","0","521","12","0","12","8","0","4"
"Erceg, Lucas",668674,2024,49,72,16,"23","14","5","185","2","1","0","6","18","0"
"Baumann, Mike",657508,2024,59,58,28,"36","0","3","175","3","0","0","4","9","1"
"López, Reynaldo",625643,2024,108,148,42,"30","0","0","407","8","1","14","2","1","0"
"Thielbar, Caleb",573204,2024,50,53,24,"28","3","0","142","2","0","0","0","10","0"
"Smith, Burch",572143,2024,64,46,12,"31","0","1","169","4","1","0","2","4","0"
"Sauer, Matt",669422,2024,23,9,11,"14","0","0","49","0","0","0","1","0","0"
"Feltner, Ryan",663372,2024,165,138,52,"81","0","0","487","3","0","13","7","0","2"
"Freeland, Kyle",607536,2024,134,85,26,"66","0","0","340","5","0","10","1","0","3"
"Yarbrough, Ryan",642232,2024,70,65,32,"35","1","3","296","5","0","0","12","1","2"
"Floro, Dylan",571670,2024,65,48,17,"29","0","1","206","6","0","0","1","11","0"
"deGrom, Jacob",594798,2024,11,14,1,"2","0","0","32","0","0","0","1","0","0"
"Crochet, Garrett",676979,2024,123,209,33,"58","0","0","438","6","1","11","5","0","0"
"Gasser, Robert",688107,2024,28,16,1,"8","0","0","84","2","0","2","3","0","0"
"Borucki, Ryan",621366,2024,14,13,4,"9","0","1","33","0","0","0","1","3","0"
"Bender, Anthony",669622,2024,50,59,18,"24","1","4","159","5","0","0","4","15","0"
"Black, Mason",696131,2024,46,31,15,"26","0","0","109","1","0","0","3","0","0"
"Henriquez, Ronny",678692,2024,20,15,5,"7","0","1","58","1","0","0","2","2","2"
"Sborz, Josh",622250,2024,16,17,3,"7","0","0","49","2","0","0","0","8","0"
"Hendricks, Kyle",543294,2024,147,87,43,"86","0","0","392","4","0","5","3","0","1"
"Herz, DJ",687792,2024,76,106,36,"41","0","0","266","4","1","2","3","0","0"
"Busenitz, Alan",641427,2024,9,3,0,"6","0","0","12","0","0","0","0","0","0"
"Manaea, Sean",640455,2024,134,184,63,"70","0","0","545","12","0","15","9","0","3"
"Curry, Xzavion",675540,2024,38,28,7,"22","0","0","128","2","0","0","0","1","0"
"Uwasawa, Naoyuki",683822,2024,2,3,2,"1","0","0","12","0","0","0","0","0","0"
"Ureña, José",570632,2024,105,70,39,"46","1","0","327","5","0","3","4","1","0"
"Pérez, Martín",527048,2024,151,107,49,"68","0","0","405","5","1","8","5","0","0"
"Meyer, Max",676974,2024,62,46,19,"36","0","0","171","3","0","3","3","0","0"
"Waldrep, Hurston",694462,2024,9,3,8,"13","0","0","21","0","0","0","1","0","0"
"Waguespack, Jacob",621097,2024,13,11,10,"6","0","0","30","0","0","0","0","0","0"
"Snead, Kirby",669912,2024,12,7,7,"5","0","0","31","0","0","0","0","0","1"
"Sterner, Justin",686993,2024,5,4,1,"1","0","0","12","0","0","0","0","0","0"
"Fleming, Josh",676596,2024,34,17,14,"14","1","1","94","1","0","0","1","1","1"
"García, Yimi",554340,2024,23,49,12,"15","5","2","117","3","0","0","2","13","0"
"Blalock, Bradley",687134,2024,35,20,20,"20","0","0","92","1","0","0","1","0","0"
"Pallante, Andre",669467,2024,110,94,48,"51","0","0","364","8","2","7","2","1","3"
"Warren, Austin",681810,2024,9,7,5,"2","0","0","32","0","0","0","0","0","0"
"Skubal, Tarik",669373,2024,142,228,35,"51","0","0","576","18","0","22","9","0","0"
"Burrows, Mike",681347,2024,2,2,3,"1","0","0","10","1","0","0","0","0","0"
"Means, John",607644,2024,16,16,2,"6","0","0","62","2","0","2","1","0","0"
"Ryan, Ryder",656924,2024,21,17,9,"13","0","0","62","1","0","0","3","3","0"
"Boushley, Caleb",676961,2024,6,1,2,"2","0","0","12","0","0","0","0","0","0"
"Ray, Robbie",592662,2024,20,43,15,"16","0","0","92","3","0","2","6","0","1"
"Beeks, Jalen",656222,2024,77,55,27,"35","10","9","210","7","0","0","3","8","0"
"Castellanos, Humberto",528748,2024,11,7,4,"6","1","0","31","0","0","0","2","0","0"
"Springs, Jeffrey",605488,2024,34,37,11,"12","0","0","99","2","0","1","1","0","0"
"Rodriguez, Grayson",680570,2024,109,130,36,"50","0","0","350","13","0","11","5","0","0"
"Slaten, Justin",686580,2024,47,58,9,"18","2","4","166","6","0","0","2","13","0"
"Coulombe, Danny",543056,2024,15,32,5,"7","1","1","89","1","0","0","0","13","0"
"Maldonado, Anthony",687424,2024,21,11,7,"12","1","1","57","1","0","0","0","0","0"
"Pint, Riley",666207,2024,5,7,5,"8","0","0","10","0","0","0","2","0","0"
"Ferguson, Tyler",621053,2024,32,62,24,"21","2","2","154","4","1","0","2","11","0"
"Ramirez, Nick",598286,2024,18,5,7,"9","0","0","40","0","0","0","0","0","0"
"Romano, Jordan",605447,2024,16,13,4,"10","8","1","41","1","0","0","1","0","0"
"Hamilton, Ian",641656,2024,37,41,14,"16","1","1","113","0","0","0","3","11","0"
"Morejon, Adrian",670970,2024,63,71,21,"20","2","2","191","3","1","0","1","12","0"
"Gillispie, Connor",687362,2024,4,8,5,"2","0","0","24","0","0","0","0","0","1"
"Burnes, Corbin",669203,2024,165,181,48,"63","0","0","583","15","3","22","2","0","2"
"Bickford, Phil",641360,2024,10,6,1,"8","0","0","25","0","0","0","1","0","0"
"Montgomery, Jordan",656756,2024,149,83,44,"81","1","0","351","8","0","6","2","0","3"
"Kirby, George",669923,2024,181,179,23,"75","0","0","573","14","1","20","7","0","0"
"Kuhl, Chad",641771,2024,56,54,25,"30","1","3","160","0","0","0","6","1","0"
"Duarte, Daniel",650960,2024,2,3,1,"1","0","0","12","1","0","0","0","0","0"
"Kelly, Michael",547184,2024,27,22,10,"9","0","0","94","3","0","0","3","4","0"
"Roupp, Landen",694738,2024,43,47,26,"20","0","0","151","1","2","0","1","1","0"
"Andriese, Matt",542882,2024,7,7,1,"4","0","0","18","0","0","0","0","0","0"
"Henriquez, Edgardo",683618,2024,2,5,2,"1","1","0","10","0","0","0","0","0","0"
"McKenzie, Triston",663474,2024,69,74,49,"43","0","0","227","3","0","3","1","0","0"
"Penrod, Zach",683068,2024,3,3,4,"1","0","0","12","0","0","0","1","2","0"
"Effross, Scott",664123,2024,3,2,2,"2","0","0","10","0","0","0","0","0","0"
"Hernandez, Jose E.",669796,2024,5,4,4,"2","1","0","16","1","1","0","0","1","0"
"King, John",667463,2024,58,38,14,"19","0","2","180","3","1","0","1","9","0"
"Poche, Colin",621363,2024,30,33,13,"16","2","2","112","1","0","0","0","20","0"
"Allen, Logan",671106,2024,113,79,41,"62","0","0","292","8","0","5","4","0","0"
"Woodford, Jake",663765,2024,48,26,9,"31","0","0","105","0","0","1","3","0","0"
"Canning, Griffin",656288,2024,174,130,66,"99","0","0","515","6","4","7","6","0","3"
"Varland, Gus",681402,2024,30,27,8,"10","0","1","79","1","0","0","1","0","1"
"Kristofak, Zac",670219,2024,3,2,2,"0","0","0","6","0","0","0","0","0","0"
"Hill, Jaden",677955,2024,8,6,4,"6","0","0","32","0","0","0","2","1","0"
"Peralta, Freddy",642547,2024,143,200,68,"71","0","0","521","11","1","11","10","0","0"
"Ragans, Cole",666142,2024,146,223,67,"65","0","0","559","11","0","21","6","0","1"
"Latz, Jacob",656641,2024,39,40,27,"18","0","3","131","2","0","0","1","9","0"
"Ort, Kaleb",672391,2024,16,26,4,"7","0","0","74","1","0","0","0","3","0"
"Scherzer, Max",453286,2024,40,40,10,"19","0","0","130","2","0","3","1","0","0"
"Richards, Trevor",670950,2024,44,62,35,"33","1","3","196","2","0","0","2","7","0"
"Littell, Zack",641793,2024,164,141,31,"63","0","0","469","8","0","10","5","0","1"
"Fitts, Richard",690916,2024,19,9,7,"4","0","0","62","0","0","0","0","0","1"
"McGreevy, Michael",700241,2024,16,18,2,"5","0","0","69","3","0","2","1","0","0"
"Hoffman, Jeff",656546,2024,48,89,16,"16","10","3","199","3","0","0","3","21","0"
"Brewer, Colten",605155,2024,24,22,9,"13","1","1","62","0","0","0","1","1","0"
"Garrett, Braxton",666129,2024,40,34,4,"22","0","0","111","2","0","2","5","0","0"
"Burke, Sean",680732,2024,12,22,7,"3","0","0","57","2","0","1","0","0","0"
"Madden, Ty",680744,2024,25,17,8,"11","0","0","69","1","0","0","1","0","0"
"Johnson, Seth",686751,2024,8,0,3,"9","0","0","7","0","0","0","0","0","0"
"Jobe, Jackson",695549,2024,1,2,1,"0","0","0","12","0","0","0","0","0","0"
"González, Victor",624647,2024,13,11,13,"10","2","1","70","2","0","0","3","3","1"
"Devenski, Chris",606965,2024,28,24,14,"20","0","2","80","2","0","0","0","0","0"
"Suárez, Albert",544150,2024,130,108,43,"55","0","1","401","9","1","7","3","1","0"
"Walker, Ryan",676254,2024,50,99,18,"17","10","4","240","10","0","0","9","21","1"
"Senzatela, Antonio",622608,2024,15,7,8,"9","0","0","37","0","1","0","0","0","0"
"Crawford, Kutter",676710,2024,155,175,51,"89","0","0","551","9","0","15","9","0","0"
"Emanuel, Kent",592288,2024,20,12,7,"13","0","0","53","0","0","0","3","0","0"
"Rogers, Trevor",669432,2024,140,97,56,"68","0","0","373","2","1","3","4","0","2"
"Gomber, Austin",596295,2024,178,116,38,"87","0","0","495","5","0","12","1","0","1"
"Santos, Gregory",666619,2024,7,6,1,"4","0","1","22","0","1","0","1","2","0"
"McArthur, James",663704,2024,68,49,13,"31","18","7","170","5","0","0","3","2","1"
"Carrasco, Carlos",471911,2024,112,89,33,"65","0","0","311","3","0","4","5","0","2"
"Raley, Brooks",548384,2024,2,9,3,"0","0","0","21","1","0","0","0","4","0"
"Javier, Cristian",664299,2024,30,27,19,"15","0","0","104","3","0","3","0","0","1"
"Herget, Jimmy",623474,2024,13,15,3,"6","0","0","37","0","0","0","0","0","0"
"Okert, Steven",595345,2024,37,33,16,"20","1","6","106","3","0","0","3","7","1"
"Quantrill, Cal",615698,2024,156,110,69,"82","0","0","445","8","1","12","11","0","3"
"de Geus, Brett",676969,2024,14,7,4,"9","0","0","34","0","1","0","3","0","1"
"Rodriguez, Eduardo",593958,2024,56,47,19,"28","0","0","150","3","0","1","1","0","1"
"Pivetta, Nick",601713,2024,128,172,36,"67","0","0","437","6","0","11","1","0","0"
"Wingenter, Trey",622259,2024,13,6,4,"9","0","0","25","0","0","0","0","0","0"
"Duffey, Tyler",608648,2024,7,10,8,"5","0","0","27","1","0","0","1","1","0"
"Little, Brendon",663893,2024,41,36,19,"19","1","3","137","1","0","0","1","7","0"
"Paddack, Chris",663978,2024,102,79,21,"49","0","0","265","5","0","4","1","0","0"
"Montas, Frankie",593423,2024,140,148,66,"81","0","0","452","7","0","9","6","0","0"
"Stone, Gavin",694813,2024,133,116,37,"55","0","0","421","11","0","10","2","0","1"
"Lodolo, Nick",666157,2024,101,122,37,"61","0","0","346","9","0","8","18","0","1"
"Vest, Will",676684,2024,61,63,18,"22","2","6","211","3","0","0","3","14","0"
"Montgomery, Mason",682254,2024,6,17,5,"2","0","0","29","0","0","0","0","3","0"
"Flaherty, Jack",656427,2024,135,194,38,"57","0","0","486","13","0","15","4","0","1"
"Bowlan, Jonathan",680742,2024,6,3,3,"4","0","0","8","0","0","0","0","0","0"
"Banks, Tanner",621383,2024,69,78,24,"32","2","4","217","2","0","0","3","8","2"
"White, Owen",669391,2024,9,0,1,"8","0","0","9","0","0","0","0","0","0"
"Salazar, Eduardo",674285,2024,34,27,14,"9","0","0","88","0","0","0","1","3","0"
"Falter, Bailey",663559,2024,138,97,45,"70","0","0","427","8","0","8","0","0","0"
"Bielak, Brandon",656232,2024,39,14,13,"17","0","0","89","1","0","0","2","0","0"
"Keuchel, Dallas",572971,2024,23,11,8,"10","0","0","50","0","0","0","0","0","0"
"Rocker, Kumar",677958,2024,12,14,6,"5","0","0","35","0","0","0","1","0","0"
"Zuber, Tyler",676604,2024,3,4,2,"1","0","0","10","0","0","0","0","0","0"
"Sims, Lucas",608371,2024,41,49,30,"24","1","4","148","1","0","0","2","16","0"
"Vesia, Alex",681911,2024,33,87,33,"13","5","3","199","5","0","0","1","13","2"
"Bradley, Taj",671737,2024,122,154,47,"63","0","0","414","8","0","10","3","0","0"
"Hughes, Brandon",676714,2024,24,21,10,"16","0","0","53","0","0","0","2","0","0"
"García, Deivi",665620,2024,16,15,11,"11","1","1","42","1","0","0","0","0","0"
"Blanco, Ronel",669854,2024,114,166,68,"52","0","0","502","13","0","14","2","0","1"
"Reyes Jr., Gerardo",622103,2024,4,2,3,"2","0","0","12","0","0","0","0","0","0"
"Kremer, Dean",665152,2024,110,123,51,"59","0","0","389","8","1","9","3","0","0"
"Walston, Blake",686796,2024,16,18,10,"9","0","0","55","1","0","0","3","0","0"
"López, Pablo",641154,2024,180,198,41,"84","0","0","556","15","0","18","8","0","0"
"Morton, Charlie",450203,2024,154,167,65,"77","0","0","496","8","1","12","18","0","6"
"Bieber, Shane",669456,2024,10,20,1,"0","0","0","36","2","0","2","0","0","0"
"Allard, Kolby",663465,2024,34,23,8,"15","0","0","81","2","0","0","0","0","1"
"Adon, Joan",672851,2024,12,6,4,"8","0","0","32","0","0","0","1","0","0"
"Brzykcy, Zach",694350,2024,9,4,3,"9","0","0","17","0","0","0","0","0","0"
"Martinez, Justin",679885,2024,59,91,36,"20","8","2","218","5","1","0","2","9","0"
"Williamson, Brandon",682227,2024,10,12,5,"6","0","0","43","0","0","0","2","0","0"
"Chirinos, Yonny",630023,2024,43,25,13,"21","0","0","90","0","0","0","3","0","0"
"Skenes, Paul",694973,2024,94,170,32,"29","0","0","399","11","1","15","6","0","3"
"Francis, Bowden",670102,2024,74,92,22,"38","0","0","311","8","1","7","7","0","0"
"Zerpa, Angel",672582,2024,59,49,20,"23","0","1","161","2","0","0","2","12","0"
"Marte, José",665896,2024,14,14,10,"5","0","0","58","0","0","0","1","2","0"
"Bigge, Hunter",685801,2024,17,24,5,"5","1","0","52","0","0","0","0","2","0"
"Jay, Tyler",664079,2024,9,6,6,"4","0","0","23","0","0","0","0","0","0"
"Maile, Luke",571912,2024,6,0,0,"6","0","0","11","0","0","0","0","0","0"
"Ferguson, Caleb",657571,2024,56,67,25,"28","1","2","163","1","0","0","4","11","0"
"Quijada, José",650671,2024,12,24,17,"7","0","2","58","2","1","0","2","7","0"
"Taillon, Jameson",592791,2024,154,125,33,"60","0","0","496","12","2","16","1","0","1"
"Phillips, Tyler",663969,2024,45,28,7,"28","0","0","110","4","0","2","2","0","0"
"Loáisiga, Jonathan",642528,2024,7,3,1,"0","0","1","12","1","0","0","0","0","0"
"Silseth, Chase",681217,2024,8,12,4,"6","0","0","24","0","0","0","0","0","0"
"Manoah, Alek",666201,2024,17,26,8,"10","0","0","73","1","0","2","4","0","0"
"Trevino, Jose",624431,2024,5,0,2,"3","0","0","6","0","0","0","0","0","0"
"Marsh, Alec",679525,2024,123,123,39,"65","0","0","387","9","1","5","11","0","3"
"Darvish, Yu",506433,2024,65,78,22,"30","0","0","245","7","0","5","3","0","2"
"Banda, Anthony",607455,2024,44,50,18,"17","2","2","149","3","0","0","2","9","0"
"Puk, A.J.",640462,2024,51,88,28,"25","3","3","214","4","1","0","2","14","0"
"Abreu, Bryan",650556,2024,59,103,32,"27","1","7","235","3","1","0","6","38","2"
"Cabrera, Génesis",650893,2024,63,50,29,"25","2","3","188","3","2","0","2","13","1"
"Finnegan, Kyle",640448,2024,61,60,24,"26","38","5","191","3","0","0","0","0","0"
"Hodge, Porter",687863,2024,19,52,19,"9","9","3","129","3","0","0","1","9","1"
"Cecconi, Slade",677944,2024,92,64,17,"57","0","0","231","2","1","3","4","0","1"
"Cano, Yennier",666974,2024,54,65,24,"21","5","3","180","4","1","0","1","34","0"
"Houser, Adrian",605288,2024,74,45,32,"45","1","0","208","1","0","0","4","1","0"
"Gose, Anthony",543238,2024,9,4,1,"5","0","0","13","0","0","0","0","0","0"
"Sánchez, Sixto",664350,2024,43,17,14,"24","0","1","107","0","1","0","3","1","0"
"Brazobán, Huascar",623211,2024,38,51,25,"22","0","5","155","1","0","0","3","5","0"
"Hancock, Emerson",676106,2024,62,39,19,"32","0","0","182","4","0","4","6","0","0"
"Hill, Tim",657612,2024,77,31,19,"25","0","1","201","4","0","0","2","4","0"
"Irvin, Jake",663623,2024,173,156,52,"92","0","0","563","10","1","16","4","0","0"
"Chavez, Jesse",445926,2024,60,55,19,"22","0","1","190","2","1","0","1","1","0"
"Horn, Bailey",690544,2024,22,13,10,"13","0","2","54","1","0","0","0","3","0"
"Leahy, Kyle",681517,2024,40,33,10,"22","1","0","146","1","0","0","1","3","0"
"Holton, Tyler",663947,2024,57,77,17,"23","8","0","283","7","0","0","4","15","0"
"Estrada, Jeremiah",669093,2024,42,94,23,"20","1","3","183","6","0","0","0","16","0"
"Hill, Rich",448179,2024,1,5,3,"2","0","0","11","0","0","0","1","0","1"
"Keller, Mitch",656605,2024,182,166,50,"84","0","0","534","11","2","15","15","0","0"
"Gausman, Kevin",592332,2024,165,162,56,"77","0","0","543","14","2","16","2","0","2"
"Kuhnel, Joel",669270,2024,8,5,0,"5","0","0","30","0","0","0","1","0","0"
"Gaddis, Hunter",683769,2024,43,66,14,"13","0","5","224","6","0","0","4","33","1"
"Strickland, Hunter",519326,2024,56,57,24,"27","1","3","220","3","0","0","2","12","1"
"Rogers, Tyler",643511,2024,67,51,6,"22","1","2","211","3","0","0","7","32","0"
"Vieira, Thyago",600986,2024,37,39,26,"22","1","0","114","0","1","0","2","1","1"
"Castillo, Diego",650895,2024,8,6,8,"3","0","0","30","0","0","0","0","0","0"
"Mayza, Tim",641835,2024,54,28,15,"30","0","1","128","0","0","0","1","8","0"
"Nittoli, Vinny",657697,2024,10,8,2,"2","0","0","36","0","0","0","0","1","0"
"Headrick, Brent",687396,2024,2,5,2,"1","0","0","9","0","0","0","0","0","0"
"Alcala, Jorge",660896,2024,40,58,20,"21","0","1","175","4","0","0","3","16","0"
"Cueto, Johnny",456501,2024,14,6,3,"9","0","0","34","0","0","1","0","0","0"
"Santillan, Tony",663574,2024,21,46,9,"10","0","2","90","3","0","0","0","4","0"
"Miley, Wade",489119,2024,6,2,4,"5","0","0","21","0","1","0","1","0","0"
"Rodríguez, Manuel",655889,2024,29,34,11,"9","2","1","113","3","0","0","5","11","0"
"Neris, Héctor",593576,2024,55,64,28,"27","18","5","178","10","4","0","2","7","1"
"Castro, Miguel",612434,2024,20,8,3,"9","0","0","41","0","0","0","1","1","0"
"Ramírez, Erasmo",541640,2024,12,15,10,"10","1","0","62","3","0","0","1","0","0"
"Gilbert, Tyler",656457,2024,10,4,2,"3","0","0","25","0","0","0","1","0","0"
"Faucher, Calvin",676534,2024,49,63,26,"19","6","2","161","2","0","0","4","11","0"
"Frías, Luis",666818,2024,19,12,7,"15","0","1","29","0","0","0","0","0","0"
"Germán, Domingo",593334,2024,25,18,13,"18","0","0","62","0","1","1","2","0","0"
"Kelly, Casey",543391,2024,5,4,1,"3","1","0","16","0","0","0","0","0","0"
"Hernandez, Nick",663321,2024,10,10,1,"7","0","0","24","0","0","0","0","0","0"
"Jacob, Alek",689690,2024,9,19,2,"4","0","0","44","0","0","0","2","0","0"
"Spence, Mitch",687765,2024,165,126,44,"77","0","0","454","8","1","4","6","1","0"
"López, Jorge",605347,2024,46,50,18,"17","4","1","159","2","0","0","2","10","0"
"Williams, Gavin",668909,2024,72,79,32,"41","0","0","228","3","0","3","3","0","1"
"Wood, Alex",622072,2024,51,33,19,"23","0","0","118","1","1","1","5","0","1"
"Otañez, Michel",671305,2024,27,55,20,"13","1","2","102","1","0","0","3","6","0"
"Maeda, Kenta",628317,2024,124,96,31,"76","0","0","337","3","0","2","5","1","0"
"Gibaut, Ian",664139,2024,3,1,1,"1","0","0","6","0","0","0","0","0","0"
"Howard, Spencer",675921,2024,44,27,14,"20","0","0","87","1","0","0","0","0","0"
"Mercado, Michael",675650,2024,16,10,9,"16","0","0","39","1","0","0","1","0","0"
"Eflin, Zach",621107,2024,166,134,24,"66","0","0","496","10","0","13","3","0","0"
"Green, Chad",643338,2024,41,46,14,"19","17","3","160","4","0","0","2","7","0"
"Beede, Tyler",595881,2024,16,18,9,"13","0","0","42","1","1","0","3","2","0"
"Gray, Josiah",680686,2024,15,9,5,"13","0","0","25","0","0","0","0","0","0"
"Matz, Steven",571927,2024,49,33,15,"25","0","0","133","1","0","0","2","0","0"
"Garrett, Reed",657585,2024,50,83,30,"24","4","5","172","8","0","0","2","14","3"
"Peterson, David",656849,2024,110,101,46,"39","0","0","363","10","1","12","7","0","3"
"Wacha, Michael",608379,2024,154,145,45,"62","0","0","500","13","0","14","5","0","0"
"King, Bryan",687911,2024,20,32,10,"7","0","0","79","1","0","0","3","0","0"
"Rivera, Emmanuel",656896,2024,7,0,0,"4","0","0","12","0","0","0","1","0","0"
"Lovelady, Richard",663992,2024,34,26,11,"17","2","2","103","3","0","0","2","4","0"
"Mikolas, Miles",571945,2024,194,122,25,"102","0","0","515","10","1","15","5","0","0"
"Gillaspie, Logan",670810,2024,15,7,0,"9","0","0","34","0","0","0","1","0","0"
"Voth, Austin",608723,2024,46,61,18,"25","0","2","183","2","0","0","3","15","0"
"Hanifee, Brenan",669724,2024,27,23,6,"6","0","1","88","1","0","0","0","8","0"
"Elder, Bryce",693821,2024,64,46,17,"36","0","0","149","2","0","3","2","0","0"
"Holmes, Clay",605280,2024,60,68,22,"22","30","13","189","3","0","0","3","2","0"
"Wilson, Steven",621051,2024,29,34,26,"22","0","1","104","1","1","0","3","9","0"
"Anderson, Chase",502624,2024,55,42,21,"35","3","0","175","0","0","0","4","0","0"
"Smith, Will",519293,2024,45,29,15,"30","1","1","124","0","0","0","3","8","0"
"Pennington, Walter",679156,2024,19,17,11,"6","0","0","54","1","0","0","2","0","0"
"Ellard, Fraser",686642,2024,18,26,12,"10","1","1","72","2","0","0","1","2","0"
"Lynn, Lance",458681,2024,113,109,44,"50","0","0","352","7","0","7","4","0","0"
"Quintana, Jose",500779,2024,150,135,63,"71","0","0","511","10","0","12","11","0","0"
"Warren, Will",701542,2024,33,29,10,"26","0","0","68","0","2","0","1","0","0"
"Antone, Tejay",622088,2024,2,2,4,"1","0","0","6","0","0","0","0","0","0"
"Hentges, Sam",656529,2024,18,27,5,"8","0","0","71","0","0","0","0","9","0"
"Harris, Hogan",663687,2024,65,61,33,"23","0","0","217","4","1","3","3","0","1"
"Wilson, Bryse",669060,2024,102,82,31,"47","0","0","314","5","1","2","4","0","0"
"Carasiti, Matt",571539,2024,16,7,3,"10","0","0","26","0","0","0","1","2","0"
"McFarland, T.J.",519008,2024,53,39,17,"24","0","2","170","2","0","0","4","19","0"
"Gonzales, Marco",594835,2024,43,23,11,"17","0","0","101","1","0","2","0","0","0"
"France, J.P.",641585,2024,31,22,12,"21","0","0","76","0","1","0","1","0","0"
"Vespi, Nick",663989,2024,10,9,3,"4","0","0","37","0","0","0","0","0","0"
"Pruitt, Austin",643493,2024,8,1,3,"6","0","0","13","0","0","0","0","1","0"
"Holderman, Colin",670059,2024,42,56,25,"18","0","5","154","3","0","0","5","21","0"
"Loutos, Ryan",702795,2024,2,0,1,"0","0","0","7","0","0","0","0","0","0"
"Thorpe, Drew",689672,2024,35,25,21,"27","0","0","133","3","1","5","1","0","0"
"Beck, Tristan",663941,2024,14,14,4,"3","0","0","48","0","0","0","1","0","0"
"Teng, Kai-Wei",678906,2024,15,7,8,"12","0","0","33","0","0","0","1","0","0"
"Davidson, Tucker",656353,2024,4,1,2,"0","0","0","14","1","0","0","0","0","0"
"Diaz, Yilber",700270,2024,27,19,12,"12","0","0","85","1","0","2","0","0","0"
"King, Michael",650633,2024,144,201,63,"57","0","0","521","13","0","14","7","0","2"
"Priester, Quinn",682990,2024,56,33,14,"26","0","0","149","3","0","2","3","0","0"
"Walker, Taijuan",592836,2024,107,58,37,"66","0","0","251","3","0","2","3","0","2"
"Kelly, Zack",677161,2024,44,61,27,"25","0","1","170","6","1","0","2","8","1"
"Jiménez, Dany",666204,2024,21,25,19,"14","1","2","77","1","0","0","1","5","0"
"Hernández, Jonathan",642546,2024,41,39,28,"26","0","2","130","3","0","0","1","0","0"
"Rodríguez, Joely",570257,2024,19,12,2,"9","0","1","41","0","0","0","1","4","0"
"Foster, Matt",641582,2024,5,4,5,"2","0","0","20","0","0","0","0","1","0"
"Williams, Devin",642207,2024,10,38,11,"3","14","1","65","1","0","0","2","0","0"
"Moll, Sam",594580,2024,27,38,14,"14","0","0","113","3","0","0","2","11","1"
"Fried, Max",608331,2024,146,166,57,"63","0","0","523","11","0","16","7","0","2"
"Tate, Dillon",622253,2024,42,27,12,"19","1","1","110","2","0","0","4","3","0"
"Birdsong, Hayden",806185,2024,57,88,43,"38","0","0","216","5","0","1","4","0","2"
"Nardi, Andrew",677053,2024,44,70,18,"28","0","6","149","3","0","0","1","15","1"
"Long, Sam",669674,2024,34,44,17,"15","1","1","128","3","1","0","1","7","0"
"Shuster, Jared",694363,2024,74,56,33,"35","0","2","220","2","0","0","0","3","1"
"Buehler, Walker",621111,2024,89,64,28,"45","0","0","226","1","0","3","5","0","0"
"Jefferies, Daulton",641726,2024,24,12,4,"16","0","0","44","0","0","0","1","0","0"
"Yates, Kirby",489446,2024,23,85,28,"8","33","1","185","7","2","0","2","2","0"
"Weissert, Greg",669711,2024,65,58,20,"22","1","4","190","4","0","0","0","6","1"
"Anderson, Justin",605121,2024,48,57,33,"26","1","5","160","1","0","0","3","5","0"
"Stanek, Ryne",592773,2024,48,67,25,"30","7","4","166","7","0","0","3","17","0"
"Minter, A.J.",621345,2024,24,35,11,"10","1","3","103","5","0","0","1","9","0"
"Nelson, Kyle",669459,2024,8,8,4,"5","0","1","32","0","0","0","0","2","0"
"Vodnik, Victor",680767,2024,72,65,37,"35","9","6","221","5","0","0","1","6","0"
"McCaughan, Darren",670766,2024,53,28,15,"29","2","0","126","0","0","0","6","1","1"
"Blackburn, Paul",621112,2024,76,59,21,"39","0","0","226","5","0","7","3","0","3"
"Muñoz, Andrés",662253,2024,31,77,26,"14","22","5","178","3","1","0","3","6","1"
"Toussaint, Touki",657053,2024,35,26,18,"19","0","0","69","1","0","0","1","1","1"
"Oller, Adam",670124,2024,43,36,22,"25","0","0","127","2","0","1","2","0","0"
"Lee, Dylan",669276,2024,49,76,17,"14","0","2","179","4","0","0","0","9","0"
"Lambert, Peter",663567,2024,73,50,29,"39","0","0","184","2","0","0","2","1","0"
"Scott, Tayler",605463,2024,45,71,35,"17","0","3","206","7","0","0","4","9","0"
"Mize, Casey",663554,2024,121,78,29,"51","0","0","307","2","1","6","2","0","0"
"Ruiz, José",614179,2024,51,52,17,"21","1","0","153","5","0","0","1","0","0"
"Payamps, Joel",606303,2024,39,59,18,"20","6","3","177","3","0","0","2","21","0"
"Detmers, Reid",672282,2024,98,109,38,"65","0","0","262","4","0","4","2","0","2"
"Chargois, JT",608638,2024,24,30,13,"9","0","2","109","3","0","0","2","2","0"
"Schwellenbach, Spencer",680885,2024,106,127,23,"46","0","0","371","8","0","12","6","0","0"
"Cease, Dylan",656302,2024,137,224,65,"73","0","0","568","14","0","16","2","0","0"
"Avila, Nick",687014,2024,17,14,3,"11","0","0","35","1","0","0","0","0","0"
"Hernández, Carlos",672578,2024,24,27,16,"11","0","1","90","0","0","0","1","1","0"
"Kershaw, Clayton",477132,2024,36,24,9,"15","0","0","90","2","1","1","2","0","0"
"Winn, Cole",668390,2024,18,14,4,"15","0","0","52","0","0","0","3","0","0"
"Sabrowski, Erik",681870,2024,6,19,4,"0","1","0","38","0","0","0","0","0","0"
"Kittredge, Andrew",552640,2024,60,67,20,"22","1","7","212","5","0","0","0","37","0"
"Irvin, Cole",608344,2024,132,78,29,"63","1","0","333","6","0","4","6","1","0"
"Kerr, Ray",678061,2024,29,27,7,"14","0","0","67","1","0","0","3","0","0"
"Maciejewski, Josh",656671,2024,4,7,2,"2","0","0","21","0","0","0","0","0","0"
"Thornton, Trent",663423,2024,63,77,19,"29","1","0","217","4","0","0","5","10","1"
"Chapman, Aroldis",547973,2024,44,98,38,"26","14","5","185","5","2","0","2","22","5"
"Aldegheri, Sam",691951,2024,15,10,10,"7","0","0","39","1","0","1","2","0","0"
"Rea, Colin",607067,2024,169,135,43,"80","1","0","503","12","0","8","10","1","2"
"Palencia, Daniel",694037,2024,14,16,12,"10","1","0","44","0","0","0","1","0","0"
"Paredes, Enoli",660600,2024,13,16,10,"4","1","0","65","1","0","0","2","3","0"
"Miller, Bobby",676272,2024,69,52,30,"53","0","0","168","2","0","2","2","0","0"
"Wilson, Justin",458677,2024,55,51,13,"29","2","2","140","1","0","0","2","11","2"
"Hjelle, Sean",663546,2024,84,75,14,"35","0","0","242","3","0","0","5","7","0"
"Buchanan, David",571527,2024,2,1,2,"1","0","0","10","0","0","0","0","0","0"
"Lyles, Jordan",543475,2024,2,3,2,"0","0","0","15","0","0","0","0","0","0"
"La Sorsa, Joe",686747,2024,17,14,5,"9","0","0","53","0","0","0","1","0","1"
"Yamamoto, Yoshinobu",808967,2024,78,105,22,"30","0","0","270","7","0","7","1","0","0"
"Jackson, Jay",543351,2024,28,29,9,"22","0","0","79","1","0","0","0","1","0"
"Crouse, Hans",668968,2024,14,34,17,"8","0","1","76","4","0","0","2","1","0"
"Berroa, Prelander",672860,2024,15,26,13,"7","0","0","57","1","0","0","1","3","2"
"Steele, Justin",657006,2024,111,135,37,"46","0","0","404","5","0","11","4","0","1"
"Berríos, José",621244,2024,168,153,54,"77","0","0","577","16","0","21","13","0","2"
"Contreras, Luis",664351,2024,7,6,2,"6","0","0","18","0","0","0","0","0","0"
"Webb, Logan",657277,2024,202,172,50,"79","0","0","614","13","1","20","2","0","2"
"Winn, Keaton",676775,2024,56,48,20,"44","0","0","166","3","0","4","4","0","1"
"Grove, Michael",675627,2024,46,54,16,"29","0","1","153","4","0","0","6","7","2"
"Williams, Trevor",592866,2024,51,59,18,"15","0","0","200","6","1","1","0","0","1"
"Bubic, Kris",663460,2024,26,39,5,"9","1","3","91","1","0","0","0","7","1"
"Cruz, Fernando",518585,2024,54,109,35,"36","0","3","200","3","0","0","1","23","0"
"Miller, Bryce",682243,2024,131,171,45,"59","0","0","541","12","0","18","3","0","1"
"Thompson, Keegan",624522,2024,19,36,18,"9","2","0","91","2","0","0","0","2","0"
"Festa, Matt",670036,2024,21,24,8,"15","0","0","71","6","0","0","1","0","1"
"Anderson, Nick",623433,2024,35,29,15,"16","1","0","107","3","0","0","1","2","0"
"Kochanowicz, Jack",686799,2024,68,25,10,"29","0","0","196","2","0","8","8","0","0"
"Snider, Collin",676092,2024,36,47,13,"9","0","2","125","3","0","0","0","9","0"
"Abbott, Andrew",671096,2024,127,114,52,"57","0","0","414","10","0","9","2","0","2"
"Wheeler, Zack",554430,2024,139,224,52,"57","0","0","600","16","0","26","8","0","1"
"Lynch IV, Daniel",663738,2024,29,39,15,"16","1","0","130","2","0","0","4","0","0"
"Alvarado, José",621237,2024,49,63,28,"28","13","3","185","2","0","0","1","10","0"
"Wells, Tyler",669330,2024,18,13,3,"10","0","0","46","0","0","1","0","0","0"
"Adcock, Ty",686654,2024,7,3,2,"7","0","0","13","0","0","0","0","1","0"
"Ramírez, Yohan",670990,2024,49,45,17,"31","1","2","135","0","1","0","12","3","2"
"Núñez, Dedniel",673380,2024,24,48,8,"9","1","1","105","2","2","0","0","9","0"
"Matzek, Tyler",554431,2024,16,10,3,"11","0","0","30","0","0","0","0","3","0"
"Romero, JoJo",668941,2024,52,51,16,"22","1","8","177","7","0","0","5","30","0"
"Kinley, Tyler",641755,2024,61,72,33,"44","12","1","192","6","0","0","2","14","1"
"Criswell, Jeff",676105,2024,20,27,9,"6","0","0","59","1","0","0","1","0","0"
"Bivens, Spencer",702352,2024,47,37,11,"17","1","0","146","3","0","0","1","2","0"
"Bird, Jake",656234,2024,43,31,25,"20","1","2","120","2","0","0","4","4","0"
"Bush, Ky",681066,2024,20,11,16,"11","0","0","53","0","0","1","1","0","1"
"Zastryzny, Rob",642239,2024,4,5,1,"1","0","0","23","1","0","0","1","0","1"
"Keller, Brad",641745,2024,48,32,15,"25","1","1","124","0","0","0","2","0","0"
"Vines, Darius",670241,2024,21,9,4,"13","0","0","41","0","0","0","1","0","1"
"Anderson, Grant",681982,2024,33,29,10,"24","1","1","80","0","0","0","1","1","0"
"Heasley, Jonathan",669169,2024,10,4,3,"10","0","0","16","0","0","0","1","0","1"
"Ober, Bailey",641927,2024,136,191,43,"79","0","0","536","12","0","18","6","0","1"
"Barlow, Scott",605130,2024,44,68,31,"26","2","1","165","3","0","0","4","19","1"
"Mahle, Tyler",641816,2024,14,10,4,"7","0","0","38","0","0","0","1","0","0"
"Whitlock, Garrett",676477,2024,14,17,7,"4","0","0","55","1","0","0","1","0","0"
"Nicolas, Kyle",693312,2024,51,55,32,"24","0","0","164","2","1","0","4","8","0"
"Gray, Jon",592351,2024,107,86,28,"51","0","0","308","5","0","7","0","0","1"
"Bolton, Cody",675989,2024,18,17,9,"9","0","0","56","0","0","0","0","0","1"
"Bernardino, Brennan",657514,2024,50,56,22,"23","0","2","153","4","0","0","6","14","2"
"Shugart, Chase",663767,2024,8,8,3,"4","1","0","26","0","0","0","0","0","0"
"Kahnle, Tommy",592454,2024,30,46,19,"10","1","0","128","0","0","0","2","16","0"
"Dubin, Shawn",681869,2024,45,49,26,"21","2","0","136","1","0","0","2","0","0"
"Criswell, Cooper",681867,2024,103,73,31,"45","0","1","298","6","0","1","7","0","0"
"Lucchesi, Joey",664192,2024,8,7,8,"6","0","0","31","0","0","1","0","0","0"
"Petersen, Michael",656848,2024,21,14,11,"13","0","1","59","3","1","0","1","1","0"
"Peralta, Wandy",593974,2024,33,22,13,"17","0","1","115","3","0","0","5","11","0"
"Leclerc, José",600917,2024,56,89,32,"32","1","3","200","6","2","0","4","13","0"
"Cantillo, Joey",676282,2024,35,44,15,"21","0","0","116","2","0","1","0","0","0"
"Martin, Chris",455119,2024,47,50,3,"17","2","4","133","3","0","0","3","15","1"
"Nola, Aaron",605400,2024,189,197,50,"79","0","0","598","14","0","20","3","0","1"
"Bednar, David",670280,2024,54,58,28,"37","23","7","173","3","0","0","3","3","0"
"O'Brien, Riley",676617,2024,13,11,8,"10","0","1","24","0","0","0","1","0","0"
"Daniel, Davis",669721,2024,39,28,6,"21","0","0","91","1","1","1","1","0","0"
"Turnbull, Spencer",605513,2024,37,58,20,"16","0","0","163","3","0","2","5","1","1"
"Klein, Will",694361,2024,12,7,6,"9","0","0","22","1","0","0","0","0","1"
"Robertson, David",502085,2024,53,99,28,"24","2","8","216","3","1","0","5","34","0"
"Jiménez, Joe",641729,2024,45,82,23,"20","3","3","206","1","0","0","4","27","0"
"Cisnero, José",542585,2024,18,17,8,"12","0","1","47","0","0","0","2","1","0"
"Burr, Ryan",621114,2024,29,47,12,"15","0","1","98","0","0","0","1","3","0"
"Pearson, Nate",663878,2024,67,74,21,"33","2","2","199","2","0","0","3","11","0"
"Ross, Joe",605452,2024,72,66,29,"31","0","0","222","3","0","2","1","0","0"
"Aguiar, Julian",687924,2024,30,19,12,"22","0","0","95","2","0","2","5","0","0"
"Baker, Bryan",641329,2024,20,23,7,"13","0","0","70","1","0","0","0","3","0"
"Scott, Tanner",656945,2024,45,84,36,"14","22","2","216","9","0","0","1","11","0"
"Lawrence, Justin",664875,2024,73,45,33,"43","2","4","179","4","0","0","7","5","2"
"Lopez, Jacob",682052,2024,5,8,7,"6","0","0","31","0","0","0","2","0","0"
"Law, Derek",571882,2024,82,76,24,"26","1","5","270","7","0","0","1","17","0"
"Mena, Cristian",691441,2024,4,2,3,"4","0","0","9","0","1","0","0","0","0"
"Verlander, Justin",434378,2024,98,74,27,"55","0","0","271","5","1","6","6","0","1"
"Eisert, Brandon",685126,2024,5,2,4,"3","0","0","20","0","0","0","0","0","0"
"Schmidt, Clarke",657376,2024,71,93,30,"27","0","0","256","5","0","2","9","0","1"
"Akin, Keegan",669211,2024,55,97,19,"29","1","3","236","3","0","0","2","6","0"
"Newcomb, Sean",656794,2024,9,7,8,"7","0","0","30","1","0","0","1","0","1"
"Liberatore, Matthew",669461,2024,81,76,28,"42","0","2","258","3","0","1","2","7","1"
"Fairbanks, Pete",664126,2024,36,44,17,"18","23","4","136","3","1","0","0","1","1"
"Cosgrove, Tom",676680,2024,23,15,6,"19","0","0","44","0","0","0","4","2","0"
"Nastrini, Nick",680897,2024,32,26,36,"28","0","0","107","0","0","1","1","0","0"
"Thompson, Zack",668868,2024,24,20,8,"18","0","0","51","0","0","0","1","0","0"
"Boyle, Joe",671212,2024,42,56,40,"34","0","0","143","3","1","1","4","1","1"
"Weems, Jordan",607179,2024,49,35,24,"31","0","2","125","1","0","0","2","5","1"
"Knack, Landon",689017,2024,58,69,18,"28","1","0","207","3","1","2","3","0","0"
"Sands, Cole",663485,2024,59,85,12,"26","4","3","214","9","1","0","6","5","0"
"Guerrero, Luis",692285,2024,6,9,2,"0","0","0","30","0","0","0","0","3","0"
"Young, Danny",664849,2024,29,48,18,"19","0","0","113","4","0","0","7","7","0"
"Adam, Jason",592094,2024,40,81,23,"16","4","4","221","7","1","0","6","31","1"
"Smith, Cade",671922,2024,51,103,17,"16","1","2","226","6","1","0","3","28","0"
"Contreras, Roansy",672710,2024,63,56,31,"33","2","2","205","2","0","0","4","1","0"
"Blach, Ty",621389,2024,103,36,18,"55","0","1","214","3","0","2","6","0","1"
"Festa, David",701581,2024,62,77,23,"35","0","0","193","2","1","1","2","0","0"
"Stratton, Chris",608717,2024,53,44,33,"36","4","3","175","4","0","0","3","5","1"
"Legumina, Casey",668984,2024,15,7,2,"9","0","0","28","0","0","0","1","0","0"
"Molina, Anthony",683627,2024,72,41,22,"45","0","2","179","1","0","0","2","2","0"
"Stewart, Brock",592779,2024,15,20,8,"9","0","0","47","0","0","0","0","7","1"
"Koenig, Jared",657649,2024,54,63,23,"17","1","2","186","9","0","0","4","10","0"
"Hernández, Daysbel",678226,2024,10,26,10,"5","0","1","54","3","0","0","1","1","0"
"Cabrera, Edward",665795,2024,82,107,49,"53","0","0","289","4","1","5","5","0","0"
"Megill, Trevor",656730,2024,33,50,14,"14","21","3","139","1","0","0","1","6","0"
"Zuñiga, Guillo",670871,2024,16,12,8,"10","2","0","53","0","0","0","1","0","0"
"Armstrong, Shawn",542888,2024,77,66,25,"36","1","2","200","3","1","0","2","5","0"
"Speier, Gabe",642100,2024,19,33,14,"15","0","1","71","0","0","0","2","7","0"
"Mlodzinski, Carmen",669387,2024,41,46,19,"19","0","2","152","5","0","0","2","5","0"
"Marinaccio, Ron",676760,2024,18,25,10,"10","0","1","70","1","1","0","3","1","0"
"Lowder, Rhett",695076,2024,25,22,14,"4","0","0","92","2","0","1","0","0","0"
"Rogers, Taylor",573124,2024,53,64,22,"16","0","0","180","1","0","0","2","8","0"
"Ferrer, Jose A.",678606,2024,27,25,6,"12","1","1","96","1","1","0","2","6","0"
"Kelly, Kevin",687330,2024,59,63,9,"21","1","3","212","5","0","0","5","17","1"
"Matthews, Zebby",805673,2024,51,43,11,"28","0","0","113","1","0","0","2","0","0"
"Flexen, Chris",623167,2024,180,123,63,"88","0","0","480","3","2","10","2","0","2"
"Paxton, James",572020,2024,95,73,50,"49","0","0","301","9","0","7","1","0","1"
"Mantiply, Joe",573009,2024,52,53,18,"26","1","1","179","6","1","0","0","16","0"
"Espino, Paolo",502179,2024,14,3,5,"8","0","0","26","0","0","0","1","0","0"
"Davis, Austin",656354,2024,6,6,5,"7","0","0","21","0","0","0","2","0","0"
"De Los Santos, Enyel",660853,2024,65,66,25,"37","2","2","192","1","0","0","5","9","1"
"Robert, Daniel",642016,2024,6,6,2,"2","0","0","17","1","0","0","2","0","0"
"Halvorsen, Seth",678020,2024,8,13,2,"2","2","1","37","2","1","0","1","2","0"
"Webb, Jacob",657097,2024,40,58,27,"19","2","1","170","2","0","0","1","14","0"
"Rodriguez, Carlos",692230,2024,19,9,3,"10","0","0","37","0","0","0","0","0","1"
"Lamet, Dinelson",659275,2024,2,3,2,"1","1","0","13","0","0","0","0","0","0"
"Mattson, Isaac",676755,2024,1,6,5,"3","0","0","16","0","0","0","1","0","0"
"Schreiber, John",670167,2024,48,46,20,"21","2","3","155","4","0","0","4","23","0"
"Parsons, Wes",641149,2024,10,7,2,"6","0","0","27","0","1","0","0","0","0"
"Foley, Jason",671345,2024,51,46,20,"21","28","4","180","3","1","0","2","8","0"
"Snell, Blake",605483,2024,65,145,44,"36","0","0","312","5","0","10","1","0","1"
"Garabito, Gerson",642520,2024,23,22,12,"14","0","1","79","0","0","0","4","0","0"
"Rasmussen, Drew",656876,2024,25,35,6,"9","1","0","86","0","0","0","0","3","0"
"Milner, Hoby",571948,2024,63,64,14,"34","1","0","194","5","0","0","2","5","1"
"Waldron, Matt",663362,2024,145,133,40,"80","0","0","440","7","1","10","11","0","1"
"Faedo, Alex",656412,2024,49,55,28,"23","0","3","172","5","0","0","3","8","0"
"Uribe, Abner",682842,2024,15,14,12,"11","3","2","43","2","0","0","0","0","0"
"Povich, Cade",700249,2024,80,69,34,"46","0","0","239","3","0","3","3","0","1"
"Basso, Brady",669620,2024,23,19,5,"10","0","0","67","1","0","1","0","0","1"
"Beeter, Clayton",690925,2024,4,5,1,"2","0","0","11","0","0","0","0","0","0"
"Olson, Reese",681857,2024,100,101,33,"44","0","0","337","4","0","9","4","0","0"
"Gibson, Kyle",502043,2024,161,151,68,"80","0","0","509","8","0","13","4","0","0"
"Dunning, Dane",641540,2024,97,91,40,"56","0","0","285","5","0","2","6","0","0"
"Phillips, Evan",623465,2024,48,63,17,"22","18","4","164","5","0","0","1","9","0"
"Henry, Tommy",674072,2024,49,30,18,"30","0","0","115","2","0","1","4","0","0"
"Nelson, Nick",656793,2024,8,8,2,"3","0","0","16","0","0","0","1","0","0"
"Kimbrel, Craig",518886,2024,40,73,31,"31","23","6","157","7","1","0","5","4","0"
"Bradish, Kyle",680694,2024,27,53,15,"12","0","0","118","2","0","2","3","0","1"
"Ortiz, Luis",682847,2024,109,107,42,"50","1","2","407","7","1","7","9","1","1"
"Ramirez, Emmanuel",642629,2024,21,21,8,"16","0","0","62","0","0","0","3","0","0"
"Miller, Ryan",668943,2024,13,11,8,"6","0","1","39","0","0","0","0","1","0"
"Barnes, Jacob",606930,2024,67,55,20,"32","0","3","198","8","0","0","0","2","0"
"Glasnow, Tyler",607192,2024,92,168,35,"52","0","0","402","9","1","14","0","0","0"
"Mushinski, Parker",656786,2024,11,3,5,"8","0","0","33","0","0","0","1","1","0"
"Poteet, Cody",547001,2024,18,16,8,"6","0","0","73","3","0","1","1","0","1"
"Brieske, Beau",689225,2024,55,69,30,"27","1","1","203","4","0","0","2","6","0"
"Brooks, Aaron",605156,2024,33,12,8,"15","0","0","80","0","0","2","1","0","0"
"Funderburk, Kody",681892,2024,41,32,15,"25","1","0","104","1","1","0","5","5","1"
"Treinen, Blake",595014,2024,33,56,11,"10","1","4","140","7","0","0","2","16","3"
"Cole, Gerrit",543037,2024,78,99,29,"36","0","0","285","8","0","8","6","0","0"
"Weaver, Luke",596133,2024,52,103,26,"27","4","0","252","7","0","0","4","22","1"
"Santana, Dennis",642701,2024,57,69,21,"31","3","0","215","3","2","0","4","12","1"
"Miller, Mason",695243,2024,36,104,21,"18","28","3","195","2","0","0","1","0","0"
"Varland, Louis",686973,2024,68,49,16,"42","0","0","149","0","0","1","4","0","0"
"Saucedo, Tayler",642048,2024,35,38,18,"15","3","2","116","2","0","0","2","7","0"
"Pressly, Ryan",519151,2024,58,58,18,"22","4","8","170","2","0","0","2","25","0"
"Márquez, Germán",608566,2024,5,3,4,"3","0","0","12","0","0","0","0","0","0"
"Gilbreath, Lucas",656458,2024,7,0,1,"6","0","0","3","0","0","0","1","0","0"
"Corbin, Patrick",571578,2024,208,139,54,"109","0","0","524","6","0","9","3","0","3"
"Kelly, Joe",523260,2024,31,35,16,"17","0","2","96","1","2","0","5","13","1"
"Englert, Mason",669438,2024,23,16,5,"13","0","0","65","1","0","0","1","0","0"
"Scott, Christian",681035,2024,45,39,12,"24","0","0","142","0","0","3","2","0","0"
"Roycroft, Chris",688297,2024,31,33,17,"16","0","1","103","1","0","0","4","1","0"
"Valdez, Framber",664285,2024,140,169,55,"57","0","0","529","15","1","17","6","0","0"
"García, Luis",472610,2024,61,53,15,"32","4","3","177","5","0","0","3","14","0"
"Weathers, Ryan",677960,2024,78,80,24,"35","0","0","260","5","1","7","9","0","0"
"Heaney, Andrew",571760,2024,159,159,41,"76","0","0","480","5","0","7","12","0","0"
"Ashby, Aaron",676879,2024,20,33,10,"9","0","0","85","1","0","0","0","3","0"
"Cuas, Jose",621016,2024,19,17,10,"14","0","0","49","0","0","0","5","0","0"
"Uceta, Edwin",670955,2024,26,57,8,"7","5","0","125","2","0","0","1","7","0"
"Wesneski, Hayden",669713,2024,56,67,21,"29","0","1","203","3","1","3","2","2","0"
"Bermudez, Jonathan",642834,2024,11,4,2,"6","0","0","20","0","0","0","2","0","0"
"Mears, Nick",683232,2024,61,75,24,"38","0","2","173","1","0","0","0","14","0"
"Baz, Shane",669358,2024,57,69,27,"27","0","0","238","4","0","8","4","0","1"
"Farmer, Buck",571656,2024,56,70,29,"24","1","1","213","3","0","0","7","1","0"
"Morgan, Eli",669212,2024,30,34,11,"9","0","0","126","3","0","0","1","3","0"
"Arrighetti, Spencer",681293,2024,139,171,65,"73","0","0","435","7","0","10","7","0","1"
"Greene, Hunter",668881,2024,96,169,57,"46","0","0","451","9","1","13","19","0","2"
"Woods Richardson, Simeon",680573,2024,125,117,48,"62","0","0","401","5","0","7","3","0","1"
"Avila, Pedro",658648,2024,73,82,36,"35","1","0","248","6","0","0","4","1","0"
"Brebbia, John",605154,2024,56,67,19,"36","2","3","166","0","0","0","3","14","0"
"Leibrandt, Brandon",605335,2024,11,5,2,"7","0","0","19","0","0","0","0","0","0"
"Boyd, Matthew",571510,2024,32,46,13,"12","0","0","119","2","1","3","2","0","1"
"Luzardo, Jesús",666200,2024,61,58,22,"37","0","0","200","3","0","4","2","0","1"
"Jax, Griffin",643377,2024,47,95,15,"16","10","6","213","5","0","0","2","24","1"
"Gilbert, Logan",669302,2024,148,220,37,"75","0","0","626","9","0","22","4","0","1"
"Martinez, Nick",607259,2024,128,116,18,"49","0","0","427","10","0","6","5","7","2"
"Marte, Yunior",628708,2024,34,23,15,"20","0","1","78","0","0","0","0","2","0"
"Casparius, Ben",676508,2024,9,12,4,"2","0","0","25","2","0","0","0","0","0"
"Blewett, Scott",656240,2024,17,18,8,"4","0","0","61","1","0","0","1","0","0"
"Cortes Jr., Nestor",641482,2024,162,162,39,"73","0","0","523","9","1","13","4","0","4"
"Dunshee, Parker",670161,2024,4,3,2,"5","0","0","7","0","0","0","1","0","0"
"Shaw, Bryan",543766,2024,8,4,4,"4","0","1","12","0","0","0","0","0","0"
"Bukauskas, J.B.",656266,2024,3,6,1,"1","0","0","18","0","0","0","0","2","0"
"Staumont, Josh",622251,2024,17,18,14,"10","0","0","73","1","0","0","1","1","0"
"Kikuchi, Yusei",579328,2024,167,206,44,"79","0","0","527","9","0","12","2","0","0"
"Burke, Brock",656271,2024,37,41,16,"22","0","1","102","2","0","0","2","1","0"
"Senga, Kodai",673540,2024,2,9,1,"2","0","0","16","1","0","0","1","0","0"
"Winckowski, Josh",670174,2024,81,60,26,"35","2","1","228","4","0","0","4","4","0"
"Estévez, Carlos",608032,2024,38,50,12,"15","26","5","165","4","0","0","1","0","0"
"Castillo, Luis",622491,2024,158,175,47,"71","0","0","526","11","0","18","5","0","0"
"Lorenzen, Michael",547179,2024,101,97,59,"48","0","0","391","7","0","9","6","0","0"
"Lange, Alex",656638,2024,16,21,17,"9","2","0","56","0","0","0","2","1","0"
"Houck, Tanner",656557,2024,156,154,48,"62","0","0","536","9","0","19","16","0","0"
"White, Mitch",669952,2024,26,13,13,"19","0","0","71","1","0","0","1","0","0"
"Rosenberg, Kenny",670046,2024,28,17,8,"16","0","0","72","0","0","0","0","0","1"
"Junk, Janson",676083,2024,22,8,4,"13","0","0","24","0","0","0","0","0","0"
"Booser, Cam",592155,2024,41,43,16,"16","1","2","128","2","0","0","0","6","0"
"Graceffo, Gordon",700669,2024,7,6,2,"4","0","0","23","0","0","0","0","0","0"
"Bazardo, Eduard",660825,2024,20,33,9,"15","0","0","83","2","0","0","0","0","0"
"Bello, Brayan",678394,2024,157,153,64,"81","0","0","487","14","1","10","11","0","1"
"Dana, Caden",702674,2024,14,8,7,"11","0","0","31","1","0","1","1","0","0"
"Muller, Kyle",666205,2024,48,36,10,"22","0","0","148","0","0","0","1","0","1"
"Gallen, Zac",668678,2024,133,156,54,"60","0","0","444","14","0","12","4","0","0"
"Pinto, Ricardo",620982,2024,19,8,5,"13","1","0","32","0","0","0","2","0","0"
"Garrett, Amir",607237,2024,4,11,5,"3","0","0","16","0","0","0","0","0","0"
"Muñoz, Roddery",682610,2024,89,70,42,"60","0","0","248","2","1","2","5","0","1"
"Taylor, Troy",700187,2024,15,25,7,"8","1","0","58","0","0","0","0","6","0"
"Martin, Davis",663436,2024,50,47,23,"24","0","0","150","0","0","2","5","0","0"
"Strider, Spencer",675911,2024,10,12,5,"7","0","0","27","0","0","0","0","0","0"
"Roberts, Ethan",681799,2024,31,26,10,"11","0","0","80","1","0","0","1","1","1"
"Bummer, Aaron",607481,2024,61,69,18,"22","0","3","166","4","0","0","2","2","3"
"Altavilla, Dan",656186,2024,5,5,3,"6","0","0","11","0","0","0","1","0","0"
"Kelly, Merrill",518876,2024,67,63,19,"33","0","0","221","5","2","5","2","0","1"
"Díaz, Alexis",664747,2024,42,55,31,"25","28","4","169","2","1","0","6","0","2"
"Stripling, Ross",548389,2024,109,49,22,"57","0","0","256","2","1","2","1","1","1"
"Curtiss, John",595928,2024,6,1,0,"4","0","0","7","0","0","0","0","0","0"
"Eovaldi, Nathan",543135,2024,147,166,42,"72","0","0","512","12","0","16","7","0","0"
"Anderson, Shaun",641312,2024,34,10,1,"15","0","0","49","0","0","0","1","0","0"
"Montero, Rafael",606160,2024,35,23,19,"20","0","3","115","1","0","0","3","10","0"
"Montero, Keider",672456,2024,100,77,31,"52","0","0","295","6","0","4","3","0","0"
"Vásquez, Randy",681190,2024,119,62,29,"53","0","0","294","4","2","6","6","0","0"
"Suarez, Robert",663158,2024,52,59,16,"20","36","6","195","9","0","0","0","1","0"
"Swanson, Erik",657024,2024,36,37,14,"22","0","1","118","2","1","0","1","9","0"
"Chivilli, Angel",683409,2024,31,28,10,"16","1","2","95","2","0","0","1","7","0"
"Pérez, Cionel",672335,2024,47,46,28,"27","2","1","161","2","0","0","5","22","0"
"Jones, Jared",683003,2024,106,132,39,"56","0","0","365","6","0","11","5","0","1"
"Honeywell Jr., Brent",641703,2024,32,18,12,"11","1","1","113","1","1","0","2","1","0"
"Bido, Osvaldo",674370,2024,43,63,26,"24","0","0","190","5","0","4","7","1","0"
"Peguero, Elvis",665625,2024,52,47,27,"17","2","4","154","7","1","0","2","11","0"
"Ribalta, Orlando",687377,2024,10,3,2,"5","0","0","10","0","0","0","1","0","0"
"Cimber, Adam",643256,2024,20,19,14,"19","0","0","73","3","0","0","6","8","1"
"Tinoco, Jesus",622786,2024,27,42,12,"15","3","1","122","1","0","0","3","6","0"
"Miller, Shelby",571946,2024,41,49,13,"28","2","7","167","6","0","0","5","5","0"
"Sewald, Paul",623149,2024,35,43,10,"19","16","4","119","1","0","0","3","1","1"
"Ryan, River",689981,2024,15,18,9,"3","0","0","61","1","0","0","0","0","1"
"Brasier, Ryan",518489,2024,22,25,5,"11","0","2","84","1","0","0","0","6","0"
"Díaz, Edwin",621242,2024,36,84,20,"21","20","7","161","6","0","0","3","2","0"
"Jansen, Kenley",445276,2024,38,62,20,"20","27","4","164","4","2","0","1","0","0"
"Stroman, Marcus",573186,2024,167,113,60,"74","1","0","464","10","0","9","8","0","0"
"Bachar, Lake",669199,2024,10,11,4,"4","0","0","28","0","0","0","0","5","0"
"Jackson, Luke",592426,2024,52,59,26,"30","0","3","159","4","0","0","2","3","0"
"Stephens, Jackson",623451,2024,5,2,1,"1","0","0","10","0","0","0","1","0","0"
"Ashcraft, Graham",668933,2024,89,57,27,"45","0","0","232","5","0","3","6","0","0"
"Kolek, Stephen",663568,2024,59,39,12,"27","0","1","140","3","0","0","3","2","0"
"Mazur, Adam",800049,2024,40,22,21,"28","0","0","101","1","0","1","2","0","1"
"Medina, Luis",665622,2024,43,32,20,"23","0","0","120","2","0","1","1","0","1"
"Brito, Jhony",666745,2024,49,29,10,"20","0","3","131","1","0","0","0","0","0"
"Doval, Camilo",666808,2024,54,78,39,"32","23","5","177","5","0","0","2","5","0"
"Crismatt, Nabil",622503,2024,7,6,0,"2","0","0","21","1","0","0","0","0","0"
"Reynolds, Sean",669308,2024,10,21,5,"1","0","0","33","0","0","0","1","0","0"
"Chafin, Andrew",605177,2024,52,70,31,"22","1","3","169","4","0","0","1","13","0"
"Rodriguez, Yariel",684320,2024,74,85,40,"43","0","0","260","1","2","2","3","0","0"
"Allen, Logan",663531,2024,32,21,10,"17","1","0","84","0","0","0","2","1","0"
"Smith-Shawver, AJ",700363,2024,3,4,2,"0","0","0","13","0","0","0","0","0","0"
"Gutierrez, Vladimir",661269,2024,3,4,2,"3","0","1","12","0","0","0","0","0","0"
"Feyereisen, J.P.",656420,2024,11,9,5,"10","1","0","33","0","0","0","1","0","0"
"Bradford, Cody",674003,2024,64,70,13,"30","0","0","229","6","0","8","1","0","0"
"Helsley, Ryan",664854,2024,50,79,23,"15","49","4","199","7","0","0","0","0","0"
"Alexander, Tyler",641302,2024,110,90,24,"61","0","0","323","6","0","1","5","0","3"